201 TUN 201;Fiat;Rouge;12/10/2020;120
202 TUN 201;Peugeot;Rouge;13/10/2020;130
203 TUN 201;Peugeot;Rouge;14/10/2020;140
204 TUN 201;Peugeot;Rouge;15/10/2020;150
205 TUN 201;Peugeot;Rouge;16/10/2020;160
206 TUN 201;Peugeot;Rouge;17/10/2020;170
207 TUN 201;Peugeot;Rouge;18/10/2020;180
208 TUN 201;Peugeot;Rouge;19/10/2020;190
209 TUN 201;Peugeot;Rouge;20/10/2020;200
210 TUN 201;Peugeot;Rouge;21/10/2020;210
211 TUN 201;Jeep;Rouge;22/10/2020;220
212 TUN 201;Lamborghini;Vert;23/10/2020;230
213 TUN 201;Lamborghini;Vert;24/10/2020;240
214 TUN 201;Lamborghini;Vert;25/10/2020;250
215 TUN 201;Lamborghini;Vert;26/10/2020;260
216 TUN 201;Lamborghini;Vert;27/10/2020;270
217 TUN 201;Lamborghini;Vert;28/10/2020;280
218 TUN 201;Lamborghini;Vert;29/10/2020;290
219 TUN 201;Lamborghini;Vert;30/10/2020;300
220 TUN 201;Jeep;Vert;31/10/2020;310
221 TUN 201;Toyota;Vert;01/11/2020;320
222 TUN 201;Toyota;Vert;02/11/2020;330
223 TUN 201;Toyota;Vert;03/11/2020;340
224 TUN 201;Toyota;Vert;04/11/2020;350
225 TUN 201;Fiat;Vert;05/11/2020;360
226 TUN 201;Fiat;Kaki;06/11/2020;370
227 TUN 201;Fiat;Kaki;07/11/2020;380
228 TUN 201;Fiat;Kaki;08/11/2020;390
229 TUN 201;Fiat;Kaki;09/11/2020;400
230 TUN 201;Fiat;Kaki;10/11/2020;410
231 TUN 201;Fiat;Kaki;11/11/2020;420
232 TUN 201;Fiat;Kaki;12/11/2020;430
233 TUN 201;Fiat;Kaki;13/11/2020;440
234 TUN 201;Fiat;Kaki;14/11/2020;450
235 TUN 201;Fiat;Kaki;15/11/2020;460
236 TUN 201;Fiat;Kaki;16/11/2020;470
237 TUN 201;Fiat;Kaki;17/11/2020;480
238 TUN 201;Fiat;Noir;18/11/2020;490
239 TUN 201;Mercedes-Benz;Noir;19/11/2020;500
240 TUN 201;Mercedes-Benz;Noir;20/11/2020;510
241 TUN 201;Mercedes-Benz;Noir;21/11/2020;520
242 TUN 201;Mercedes-Benz;Noir;22/11/2020;530
243 TUN 201;Mercedes-Benz;Noir;23/11/2020;540
244 TUN 201;Mercedes-Benz;Noir;24/11/2020;550
245 TUN 201;Mercedes-Benz;Noir;25/11/2020;560
246 TUN 201;Mercedes-Benz;Noir;26/11/2020;570
247 TUN 201;Mercedes-Benz;Noir;27/11/2020;580
248 TUN 201;Mercedes-Benz;Noir;28/11/2020;590
249 TUN 201;Mercedes-Benz;Noir;29/11/2020;600
250 TUN 201;Mercedes-Benz;Noir;30/11/2020;610
100 TUN 100;Aston Martin;Bleu;10/10/2010;2000