12876936;kais;hajri;20;sousse;kais@gmail.com;53330321
12876940;ahmed;hamila;22;tunis;ahmed@gmail.com;53330326
12876944;yessine;botres;24;sfax;yessine@gmail.com;53330331
12876948;kamel;swan;26;gabes;kamel@gmail.com;53330336
12876952;haifa;rjab;28;gasfa;haifa@gmail.com;53330341
12876956;hanen;milka;30;touzer;hanen@gmail.com;53330346
12876960;sawsen;hajri;32;souuse;rafika@gmail.com;53330351
12876964;rafika;hamila;34;tatawin;kais@gmail.com;53330356
12876968;amal;botres;36;nabel;ahmed@gmail.com;53330361
12876972;fatma;swan;38;sousse;yessine@gmail.com;53330366
12876976;hanen;rjab;40;tunis;kamel@gmail.com;53330371
12876980;haifa;milka;42;sfax;haifa@gmail.com;53330376
12876984;rjab;hajri;44;gabes;hanen@gmail.com;53330381
12876988;kamel;hamila;46;gasfa;rafika@gmail.com;53330386
12876992;sahbi;botres;48;touzer;kais@gmail.com;53330391
12876996;sousse;swan;50;souuse;ahmed@gmail.com;53330396
12877000;tunis;rjab;52;tatawin;yessine@gmail.com;53330401
12877004;sfax;milka;54;nabel;kamel@gmail.com;53330406
12877008;gabes;hajri;56;sousse;haifa@gmail.com;53330411
12877012;gasfa;hamila;58;tunis;hanen@gmail.com;53330416
12877016;touzer;botres;60;sfax;rafika@gmail.com;53330421
12877020;sawsen;swan;62;gabes;kais@gmail.com;53330426
12877024;rafika;rjab;64;gasfa;ahmed@gmail.com;53330431
12877028;amal;milka;66;touzer;yessine@gmail.com;53330436
12877032;fatma;hajri;68;souuse;kamel@gmail.com;53330441
12877036;hanen;hamila;70;tatawin;haifa@gmail.com;53330446
12877040;haifa;botres;72;nabel;hanen@gmail.com;53330451
12877044;rjab;swan;74;sousse;rafika@gmail.com;53330456
12877048;kamel;rjab;76;tunis;kais@gmail.com;53330461
12877052;sahbi;milka;78;sfax;ahmed@gmail.com;53330466
12877056;sousse;hajri;80;gabes;yessine@gmail.com;53330471
12877060;tunis;hamila;82;gasfa;kamel@gmail.com;53330476
12877064;sfax;botres;84;touzer;haifa@gmail.com;53330481
12877068;gabes;swan;86;souuse;hanen@gmail.com;53330486
12877072;gasfa;rjab;88;tatawin;rafika@gmail.com;53330491
12877076;touzer;milka;90;nabel;kais@gmail.com;53330496
12877080;sawsen;hajri;92;sousse;ahmed@gmail.com;53330501
12877084;rafika;hamila;94;tunis;yessine@gmail.com;53330506
12877088;amal;botres;96;sfax;kamel@gmail.com;53330511
12877092;fatma;swan;98;gabes;haifa@gmail.com;53330516
12877096;hanen;rjab;100;gasfa;hanen@gmail.com;53330521
12877100;haifa;milka;102;touzer;rafika@gmail.com;53330526
12877104;rjab;hajri;104;souuse;kais@gmail.com;53330531
12877108;kamel;hamila;106;tatawin;ahmed@gmail.com;53330536
12877112;sahbi;botres;108;nabel;yessine@gmail.com;53330541
12877116;sousse;swan;110;sousse;kamel@gmail.com;53330546
12877120;tunis;rjab;112;tunis;haifa@gmail.com;53330551
12877124;sfax;milka;114;sfax;hanen@gmail.com;53330556
12877128;gabes;hajri;116;gabes;rafika@gmail.com;53330561
12877132;gasfa;hamila;118;gasfa;kais@gmail.com;53330566
